{"./data/networks_and_trajectories_binary_data_01_3/3.json": 1.1632962935543905, "./data/networks_and_trajectories_binary_data_01_3/1.json": 1.504416721816152, "./data/networks_and_trajectories_binary_data_01_3/8.json": 1.3260207789755212, "./data/networks_and_trajectories_binary_data_01_3/6.json": 1.3448668841209044, "./data/networks_and_trajectories_binary_data_01_3/2.json": 1.9683826868120418, "./data/networks_and_trajectories_binary_data_01_3/10.json": 1.2738899408622788, "./data/networks_and_trajectories_binary_data_01_3/7.json": 0.9880159268261526, "./data/networks_and_trajectories_binary_data_01_3/5.json": 2.271896501854928, "./data/networks_and_trajectories_binary_data_01_3/9.json": 1.6825757441074318, "./data/networks_and_trajectories_binary_data_01_3/4.json": 1.0395782791027253, "./data/networks_and_trajectories_binary_data_01_4/3.json": 1.1744309558102657, "./data/networks_and_trajectories_binary_data_01_4/1.json": 1.2158852811309382, "./data/networks_and_trajectories_binary_data_01_4/8.json": 1.3737434834593252, "./data/networks_and_trajectories_binary_data_01_4/6.json": 1.3477413894783457, "./data/networks_and_trajectories_binary_data_01_4/2.json": 1.1482034862346309, "./data/networks_and_trajectories_binary_data_01_4/10.json": 0.9775191329369123, "./data/networks_and_trajectories_binary_data_01_4/7.json": 1.0363325182084084, "./data/networks_and_trajectories_binary_data_01_4/5.json": 1.3933035011151929, "./data/networks_and_trajectories_binary_data_01_4/9.json": 1.1399165660478285, "./data/networks_and_trajectories_binary_data_01_4/4.json": 1.3889836693517656, "./data/networks_and_trajectories_binary_data_01_5/3.json": 1.3892087822222239, "./data/networks_and_trajectories_binary_data_01_5/1.json": 1.569132610685113, "./data/networks_and_trajectories_binary_data_01_5/8.json": 1.1754543827404658, "./data/networks_and_trajectories_binary_data_01_5/6.json": 1.3031587957342392, "./data/networks_and_trajectories_binary_data_01_5/2.json": 1.3584377269468, "./data/networks_and_trajectories_binary_data_01_5/10.json": 1.2503984317609529, "./data/networks_and_trajectories_binary_data_01_5/7.json": 1.194670617582335, "./data/networks_and_trajectories_binary_data_01_5/5.json": 1.2010741268261476, "./data/networks_and_trajectories_binary_data_01_5/9.json": 1.3388136855776387, "./data/networks_and_trajectories_binary_data_01_5/4.json": 1.3746393241794146, "./data/networks_and_trajectories_binary_data_01_6/3.json": 1.3963729253337986, "./data/networks_and_trajectories_binary_data_01_6/1.json": 1.4735445786743322, "./data/networks_and_trajectories_binary_data_01_6/8.json": 1.4478457736677626, "./data/networks_and_trajectories_binary_data_01_6/6.json": 1.3163297230082138, "./data/networks_and_trajectories_binary_data_01_6/2.json": 1.2640169223603714, "./data/networks_and_trajectories_binary_data_01_6/10.json": 1.6229515668660366, "./data/networks_and_trajectories_binary_data_01_6/7.json": 1.5839912480560308, "./data/networks_and_trajectories_binary_data_01_6/5.json": 1.2992484113022704, "./data/networks_and_trajectories_binary_data_01_6/9.json": 1.2593801168109018, "./data/networks_and_trajectories_binary_data_01_6/4.json": 1.4284807648885711, "./data/networks_and_trajectories_binary_data_01_10/3.json": 1.7311228854864231, "./data/networks_and_trajectories_binary_data_01_10/1.json": 1.5247635960085093, "./data/networks_and_trajectories_binary_data_01_10/8.json": 1.4343542930595248, "./data/networks_and_trajectories_binary_data_01_10/6.json": 1.357470493102564, "./data/networks_and_trajectories_binary_data_01_10/2.json": 1.4381257544829154, "./data/networks_and_trajectories_binary_data_01_10/10.json": 1.4473526871342353, "./data/networks_and_trajectories_binary_data_01_10/7.json": 1.5388793886917633, "./data/networks_and_trajectories_binary_data_01_10/5.json": 1.337403260573149, "./data/networks_and_trajectories_binary_data_01_10/9.json": 1.2388588129375349, "./data/networks_and_trajectories_binary_data_01_10/4.json": 1.3713629407512773, "./data/networks_and_trajectories_binary_data_01_15/3.json": 1.4585221115405407, "./data/networks_and_trajectories_binary_data_01_15/1.json": 1.3503579485502801, "./data/networks_and_trajectories_binary_data_01_15/8.json": 1.5367786017902885, "./data/networks_and_trajectories_binary_data_01_15/6.json": 1.471955202992382, "./data/networks_and_trajectories_binary_data_01_15/2.json": 1.8895242291127843, "./data/networks_and_trajectories_binary_data_01_15/10.json": 1.5001886929334611, "./data/networks_and_trajectories_binary_data_01_15/7.json": 1.520157313028094, "./data/networks_and_trajectories_binary_data_01_15/5.json": 1.4316804104822787, "./data/networks_and_trajectories_binary_data_01_15/9.json": 1.448420874669022, "./data/networks_and_trajectories_binary_data_01_15/4.json": 1.5035995685625483, "./data/networks_and_trajectories_binary_data_01_20/3.json": 1.5821550344134272, "./data/networks_and_trajectories_binary_data_01_20/1.json": 1.8006629999800647, "./data/networks_and_trajectories_binary_data_01_20/8.json": 1.7252019945100094, "./data/networks_and_trajectories_binary_data_01_20/6.json": 1.62367926675613, "./data/networks_and_trajectories_binary_data_01_20/2.json": 1.7103285228183496, "./data/networks_and_trajectories_binary_data_01_20/10.json": 2.0692297362740883, "./data/networks_and_trajectories_binary_data_01_20/7.json": 1.6838169653390482, "./data/networks_and_trajectories_binary_data_01_20/5.json": 1.524012636952199, "./data/networks_and_trajectories_binary_data_01_20/9.json": 1.6569602326976225, "./data/networks_and_trajectories_binary_data_01_20/4.json": 1.4251215697302144}