{"./data/networks_and_trajectories_binary_data_01_3/3.json": 1.395462835311579, "./data/networks_and_trajectories_binary_data_01_3/1.json": 1.58475026940271, "./data/networks_and_trajectories_binary_data_01_3/8.json": 1.0376590751779413, "./data/networks_and_trajectories_binary_data_01_3/6.json": 1.1570916698975398, "./data/networks_and_trajectories_binary_data_01_3/2.json": 1.1012745212323563, "./data/networks_and_trajectories_binary_data_01_3/10.json": 0.9676400370761867, "./data/networks_and_trajectories_binary_data_01_3/7.json": 0.9148909047030545, "./data/networks_and_trajectories_binary_data_01_3/5.json": 1.078999316638837, "./data/networks_and_trajectories_binary_data_01_3/9.json": 1.0572948593018858, "./data/networks_and_trajectories_binary_data_01_3/4.json": 0.9683079035148101, "./data/networks_and_trajectories_binary_data_01_4/3.json": 0.8273639051801326, "./data/networks_and_trajectories_binary_data_01_4/1.json": 1.2534602526445915, "./data/networks_and_trajectories_binary_data_01_4/8.json": 1.1968002713071173, "./data/networks_and_trajectories_binary_data_01_4/6.json": 1.1896663766405435, "./data/networks_and_trajectories_binary_data_01_4/2.json": 0.8943228220396405, "./data/networks_and_trajectories_binary_data_01_4/10.json": 0.9607258691754201, "./data/networks_and_trajectories_binary_data_01_4/7.json": 0.8335203758772449, "./data/networks_and_trajectories_binary_data_01_4/5.json": 1.273102784974219, "./data/networks_and_trajectories_binary_data_01_4/9.json": 0.890344487175118, "./data/networks_and_trajectories_binary_data_01_4/4.json": 1.1847877226411716, "./data/networks_and_trajectories_binary_data_01_5/3.json": 1.2713990988894892, "./data/networks_and_trajectories_binary_data_01_5/1.json": 1.194174934454138, "./data/networks_and_trajectories_binary_data_01_5/8.json": 1.1049867243156126, "./data/networks_and_trajectories_binary_data_01_5/6.json": 1.0470976540089363, "./data/networks_and_trajectories_binary_data_01_5/2.json": 1.0538904345911921, "./data/networks_and_trajectories_binary_data_01_5/10.json": 1.1716864963459646, "./data/networks_and_trajectories_binary_data_01_5/7.json": 1.0706066625171196, "./data/networks_and_trajectories_binary_data_01_5/5.json": 0.9964348643433398, "./data/networks_and_trajectories_binary_data_01_5/9.json": 1.013358196375093, "./data/networks_and_trajectories_binary_data_01_5/4.json": 0.9117569847934056, "./data/networks_and_trajectories_binary_data_01_6/3.json": 1.2141334583178796, "./data/networks_and_trajectories_binary_data_01_6/1.json": 1.3421032044371932, "./data/networks_and_trajectories_binary_data_01_6/8.json": 0.9953608304487772, "./data/networks_and_trajectories_binary_data_01_6/6.json": 1.0158620138043706, "./data/networks_and_trajectories_binary_data_01_6/2.json": 0.9956155667411958, "./data/networks_and_trajectories_binary_data_01_6/10.json": 1.4901296575928196, "./data/networks_and_trajectories_binary_data_01_6/7.json": 1.3169605818562988, "./data/networks_and_trajectories_binary_data_01_6/5.json": 1.0639509612589912, "./data/networks_and_trajectories_binary_data_01_6/9.json": 1.014944942268667, "./data/networks_and_trajectories_binary_data_01_6/4.json": 1.0646667795696685, "./data/networks_and_trajectories_binary_data_01_10/3.json": 1.344899854203193, "./data/networks_and_trajectories_binary_data_01_10/1.json": 1.0456310963231517, "./data/networks_and_trajectories_binary_data_01_10/8.json": 1.1596360137921133, "./data/networks_and_trajectories_binary_data_01_10/6.json": 0.9960278519246206, "./data/networks_and_trajectories_binary_data_01_10/2.json": 1.0889748025912105, "./data/networks_and_trajectories_binary_data_01_10/10.json": 1.0467320280266172, "./data/networks_and_trajectories_binary_data_01_10/7.json": 1.178653029362141, "./data/networks_and_trajectories_binary_data_01_10/5.json": 1.017376147169414, "./data/networks_and_trajectories_binary_data_01_10/9.json": 1.0546540120693468, "./data/networks_and_trajectories_binary_data_01_10/4.json": 1.173373194225916, "./data/networks_and_trajectories_binary_data_01_15/3.json": 1.1723368292087537, "./data/networks_and_trajectories_binary_data_01_15/1.json": 1.047650880966311, "./data/networks_and_trajectories_binary_data_01_15/8.json": 1.1901250551806222, "./data/networks_and_trajectories_binary_data_01_15/6.json": 1.2001095233578423, "./data/networks_and_trajectories_binary_data_01_15/2.json": 1.4288528966730731, "./data/networks_and_trajectories_binary_data_01_15/10.json": 1.100160448591104, "./data/networks_and_trajectories_binary_data_01_15/7.json": 1.2832801193155712, "./data/networks_and_trajectories_binary_data_01_15/5.json": 1.1128414223623413, "./data/networks_and_trajectories_binary_data_01_15/9.json": 1.155531376360519, "./data/networks_and_trajectories_binary_data_01_15/4.json": 1.1477038830504904, "./data/networks_and_trajectories_binary_data_01_20/3.json": 1.1996476285105304, "./data/networks_and_trajectories_binary_data_01_20/1.json": 1.2145770155522118, "./data/networks_and_trajectories_binary_data_01_20/8.json": 1.3664721986468609, "./data/networks_and_trajectories_binary_data_01_20/6.json": 1.20363383454948, "./data/networks_and_trajectories_binary_data_01_20/2.json": 1.2677400023997287, "./data/networks_and_trajectories_binary_data_01_20/10.json": 1.4574523360341678, "./data/networks_and_trajectories_binary_data_01_20/7.json": 1.1724710615370382, "./data/networks_and_trajectories_binary_data_01_20/5.json": 1.123151799592212, "./data/networks_and_trajectories_binary_data_01_20/9.json": 1.195187468988815, "./data/networks_and_trajectories_binary_data_01_20/4.json": 1.1596848286917556, "./data/networks_and_trajectories_binary_data_02_3/3.json": 1.490258340002277, "./data/networks_and_trajectories_binary_data_02_3/1.json": 1.1833808411958249, "./data/networks_and_trajectories_binary_data_02_3/8.json": 1.180497421016863, "./data/networks_and_trajectories_binary_data_02_3/6.json": 1.4520452703200482, "./data/networks_and_trajectories_binary_data_02_3/2.json": 1.0138078748454717, "./data/networks_and_trajectories_binary_data_02_3/10.json": 0.8557836075696729, "./data/networks_and_trajectories_binary_data_02_3/7.json": 0.9484304544836841, "./data/networks_and_trajectories_binary_data_02_3/5.json": 1.2239577611476966, "./data/networks_and_trajectories_binary_data_02_3/9.json": 1.2234008635989724, "./data/networks_and_trajectories_binary_data_02_3/4.json": 1.5283436952927762, "./data/networks_and_trajectories_binary_data_02_4/3.json": 1.1634697385353459, "./data/networks_and_trajectories_binary_data_02_4/1.json": 1.6945067236080624, "./data/networks_and_trajectories_binary_data_02_4/8.json": 0.9501442784036066, "./data/networks_and_trajectories_binary_data_02_4/6.json": 1.057946369249638, "./data/networks_and_trajectories_binary_data_02_4/2.json": 1.434287570675812, "./data/networks_and_trajectories_binary_data_02_4/10.json": 1.029727078156716, "./data/networks_and_trajectories_binary_data_02_4/7.json": 1.202336026198725, "./data/networks_and_trajectories_binary_data_02_4/5.json": 1.5048482610255012, "./data/networks_and_trajectories_binary_data_02_4/9.json": 1.1508785622261786, "./data/networks_and_trajectories_binary_data_02_4/4.json": 0.9975673110125023, "./data/networks_and_trajectories_binary_data_02_5/3.json": 1.148109261498951, "./data/networks_and_trajectories_binary_data_02_5/1.json": 0.9816768428095806, "./data/networks_and_trajectories_binary_data_02_5/8.json": 1.5537728326796092, "./data/networks_and_trajectories_binary_data_02_5/6.json": 1.8514325300307235, "./data/networks_and_trajectories_binary_data_02_5/2.json": 1.3208454785414048, "./data/networks_and_trajectories_binary_data_02_5/10.json": 1.2546661948935847, "./data/networks_and_trajectories_binary_data_02_5/7.json": 0.9374136923810402, "./data/networks_and_trajectories_binary_data_02_5/5.json": 1.7317256805999426, "./data/networks_and_trajectories_binary_data_02_5/9.json": 1.4777234635458634,