{"./data/networks_and_trajectories_binary_data_04_3/3.json": 0.8493991700416609, "./data/networks_and_trajectories_binary_data_04_3/1.json": 1.2087295922901764, "./data/networks_and_trajectories_binary_data_04_3/8.json": 2.202340577053407, "./data/networks_and_trajectories_binary_data_04_3/6.json": 2.3202736514938422, "./data/networks_and_trajectories_binary_data_04_3/2.json": 0.9585345719927428, "./data/networks_and_trajectories_binary_data_04_3/10.json": 1.0823716574369746, "./data/networks_and_trajectories_binary_data_04_3/7.json": 1.1937168171951045, "./data/networks_and_trajectories_binary_data_04_3/5.json": 1.249061234724809, "./data/networks_and_trajectories_binary_data_04_3/9.json": 1.6847098944309755, "./data/networks_and_trajectories_binary_data_04_3/4.json": 2.092623092732267, "./data/networks_and_trajectories_binary_data_04_4/3.json": 2.7697182875489723, "./data/networks_and_trajectories_binary_data_04_4/1.json": 1.670184563843121, "./data/networks_and_trajectories_binary_data_04_4/8.json": 1.2860387737825103, "./data/networks_and_trajectories_binary_data_04_4/6.json": 1.5874356768742532, "./data/networks_and_trajectories_binary_data_04_4/2.json": 1.2020040877011438, "./data/networks_and_trajectories_binary_data_04_4/10.json": 1.2769802504395114, "./data/networks_and_trajectories_binary_data_04_4/7.json": 1.3835455043364648, "./data/networks_and_trajectories_binary_data_04_4/5.json": 1.5787185976692117, "./data/networks_and_trajectories_binary_data_04_4/9.json": 2.0934906311608503, "./data/networks_and_trajectories_binary_data_04_4/4.json": 2.157923042187881, "./data/networks_and_trajectories_binary_data_04_5/3.json": 1.9013818070531827, "./data/networks_and_trajectories_binary_data_04_5/1.json": 1.4511762419652396, "./data/networks_and_trajectories_binary_data_04_5/8.json": 1.9464473595966685, "./data/networks_and_trajectories_binary_data_04_5/6.json": 1.890912325451424, "./data/networks_and_trajectories_binary_data_04_5/2.json": 1.693221843194551, "./data/networks_and_trajectories_binary_data_04_5/10.json": 2.4259856462324274, "./data/networks_and_trajectories_binary_data_04_5/7.json": 1.985627251047839, "./data/networks_and_trajectories_binary_data_04_5/5.json": 1.6538521830999116, "./data/networks_and_trajectories_binary_data_04_5/9.json": 1.6358591069899517, "./data/networks_and_trajectories_binary_data_04_5/4.json": 1.824511620314593, "./data/networks_and_trajectories_binary_data_04_6/3.json": 1.7838703243282221, "./data/networks_and_trajectories_binary_data_04_6/1.json": 1.4680963428401583, "./data/networks_and_trajectories_binary_data_04_6/8.json": 1.4684977517848727, "./data/networks_and_trajectories_binary_data_04_6/6.json": 2.531083722900409, "./data/networks_and_trajectories_binary_data_04_6/2.json": 1.6321124364426862, "./data/networks_and_trajectories_binary_data_04_6/10.json": 1.951826077530083, "./data/networks_and_trajectories_binary_data_04_6/7.json": 1.7842999963715438, "./data/networks_and_trajectories_binary_data_04_6/5.json": 2.318281364291069, "./data/networks_and_trajectories_binary_data_04_6/9.json": 1.9407814196971593, "./data/networks_and_trajectories_binary_data_04_6/4.json": 2.5539589411182275, "./data/networks_and_trajectories_binary_data_04_10/3.json": 2.809393971140158, "./data/networks_and_trajectories_binary_data_04_10/1.json": 2.245255333019019, "./data/networks_and_trajectories_binary_data_04_10/8.json": 3.0731306499647224, "./data/networks_and_trajectories_binary_data_04_10/6.json": 2.3552126299523843, "./data/networks_and_trajectories_binary_data_04_10/2.json": 2.570468641556818, "./data/networks_and_trajectories_binary_data_04_10/10.json": 2.778776601664989, "./data/networks_and_trajectories_binary_data_04_10/7.json": 2.7114954421812296, "./data/networks_and_trajectories_binary_data_04_10/5.json": 3.043418626460718, "./data/networks_and_trajectories_binary_data_04_10/9.json": 2.2475394294849433, "./data/networks_and_trajectories_binary_data_04_10/4.json": 2.939484285654012, "./data/networks_and_trajectories_binary_data_04_15/3.json": 2.8178560750623793, "./data/networks_and_trajectories_binary_data_04_15/1.json": 2.4486943395496112, "./data/networks_and_trajectories_binary_data_04_15/8.json": 2.6460751335580395, "./data/networks_and_trajectories_binary_data_04_15/6.json": 2.8014465897498964, "./data/networks_and_trajectories_binary_data_04_15/2.json": 2.3252647482941335, "./data/networks_and_trajectories_binary_data_04_15/10.json": 2.260898427114235, "./data/networks_and_trajectories_binary_data_04_15/7.json": 2.484771107531285, "./data/networks_and_trajectories_binary_data_04_15/5.json": 2.619669367965365, "./data/networks_and_trajectories_binary_data_04_15/9.json": 2.7509508268037735, "./data/networks_and_trajectories_binary_data_04_15/4.json": 2.770457169639585, "./data/networks_and_trajectories_binary_data_04_20/3.json": 2.2163460464242877, "./data/networks_and_trajectories_binary_data_04_20/1.json": 2.291442442406034, "./data/networks_and_trajectories_binary_data_04_20/8.json": 2.277385776511931, "./data/networks_and_trajectories_binary_data_04_20/6.json": 2.234672903864357, "./data/networks_and_trajectories_binary_data_04_20/2.json": 2.203345799760967, "./data/networks_and_trajectories_binary_data_04_20/10.json": 2.2104824807852066, "./data/networks_and_trajectories_binary_data_04_20/7.json": 2.1656935223047933, "./data/networks_and_trajectories_binary_data_04_20/5.json": 2.1991824795975767, "./data/networks_and_trajectories_binary_data_04_20/9.json": 1.9543087774070498, "./data/networks_and_trajectories_binary_data_04_20/4.json": 2.2877929394465806}