{"./data/networks_and_trajectories_binary_data_01_3/3.json": 1.0959825069290716, "./data/networks_and_trajectories_binary_data_01_3/1.json": 1.4167153080415065, "./data/networks_and_trajectories_binary_data_01_3/8.json": 0.9202004324822816, "./data/networks_and_trajectories_binary_data_01_3/6.json": 1.254954268522534, "./data/networks_and_trajectories_binary_data_01_3/2.json": 1.243507369349917, "./data/networks_and_trajectories_binary_data_01_3/10.json": 1.023418203447269, "./data/networks_and_trajectories_binary_data_01_3/7.json": 0.8220976199366191, "./data/networks_and_trajectories_binary_data_01_3/5.json": 1.068907925515325, "./data/networks_and_trajectories_binary_data_01_3/9.json": 1.2646593335276797, "./data/networks_and_trajectories_binary_data_01_3/4.json": 1.0448244549327963, "./data/networks_and_trajectories_binary_data_01_4/3.json": 0.9583665812443593, "./data/networks_and_trajectories_binary_data_01_4/1.json": 1.1676037701210074, "./data/networks_and_trajectories_binary_data_01_4/8.json": 1.2115448569436051, "./data/networks_and_trajectories_binary_data_01_4/6.json": 1.12479796313826, "./data/networks_and_trajectories_binary_data_01_4/2.json": 0.862113720958738, "./data/networks_and_trajectories_binary_data_01_4/10.json": 0.8687406370672859, "./data/networks_and_trajectories_binary_data_01_4/7.json": 0.8171563251235794, "./data/networks_and_trajectories_binary_data_01_4/5.json": 1.161787002426623, "./data/networks_and_trajectories_binary_data_01_4/9.json": 0.8629300244312413, "./data/networks_and_trajectories_binary_data_01_4/4.json": 1.181481086317119, "./data/networks_and_trajectories_binary_data_01_5/3.json": 1.2521428982984923, "./data/networks_and_trajectories_binary_data_01_5/1.json": 1.0173822132277615, "./data/networks_and_trajectories_binary_data_01_5/8.json": 1.0229414504153445, "./data/networks_and_trajectories_binary_data_01_5/6.json": 0.9512055390063511, "./data/networks_and_trajectories_binary_data_01_5/2.json": 1.0577455750731535, "./data/networks_and_trajectories_binary_data_01_5/10.json": 1.1369715396190097, "./data/networks_and_trajectories_binary_data_01_5/7.json": 1.0391951168837104, "./data/networks_and_trajectories_binary_data_01_5/5.json": 1.0754052414458162, "./data/networks_and_trajectories_binary_data_01_5/9.json": 1.0164836828768657, "./data/networks_and_trajectories_binary_data_01_5/4.json": 0.9622454104006615, "./data/networks_and_trajectories_binary_data_01_6/3.json": 1.1582024269387887, "./data/networks_and_trajectories_binary_data_01_6/1.json": 1.3607013471942628, "./data/networks_and_trajectories_binary_data_01_6/8.json": 1.0820491361618747, "./data/networks_and_trajectories_binary_data_01_6/6.json": 1.019239656365074, "./data/networks_and_trajectories_binary_data_01_6/2.json": 0.9112068800046119, "./data/networks_and_trajectories_binary_data_01_6/10.json": 1.5118139185400015, "./data/networks_and_trajectories_binary_data_01_6/7.json": 1.3026092972726302, "./data/networks_and_trajectories_binary_data_01_6/5.json": 1.0789135273328796, "./data/networks_and_trajectories_binary_data_01_6/9.json": 0.9754038462734225, "./data/networks_and_trajectories_binary_data_01_6/4.json": 1.0655414198042077, "./data/networks_and_trajectories_binary_data_01_10/3.json": 1.2342530331174626, "./data/networks_and_trajectories_binary_data_01_10/1.json": 1.0491902382205642, "./data/networks_and_trajectories_binary_data_01_10/8.json": 1.0770851077171675, "./data/networks_and_trajectories_binary_data_01_10/6.json": 1.0088251455412511, "./data/networks_and_trajectories_binary_data_01_10/2.json": 1.0892952367250803, "./data/networks_and_trajectories_binary_data_01_10/10.json": 1.0144178254572649, "./data/networks_and_trajectories_binary_data_01_10/7.json": 1.1554685689507698, "./data/networks_and_trajectories_binary_data_01_10/5.json": 1.0144874837171785, "./data/networks_and_trajectories_binary_data_01_10/9.json": 1.0430358523793486, "./data/networks_and_trajectories_binary_data_01_10/4.json": 1.1071583188977825, "./data/networks_and_trajectories_binary_data_01_15/3.json": 1.137219280000006, "./data/networks_and_trajectories_binary_data_01_15/1.json": 1.0414765420544458, "./data/networks_and_trajectories_binary_data_01_15/8.json": 1.1472144206837298, "./data/networks_and_trajectories_binary_data_01_15/6.json": 1.0992249827532394, "./data/networks_and_trajectories_binary_data_01_15/2.json": 1.3575305208886408, "./data/networks_and_trajectories_binary_data_01_15/10.json": 1.082277596811103, "./data/networks_and_trajectories_binary_data_01_15/7.json": 1.2259421827683603, "./data/networks_and_trajectories_binary_data_01_15/5.json": 1.0378466551349117, "./data/networks_and_trajectories_binary_data_01_15/9.json": 1.1066151095993022, "./data/networks_and_trajectories_binary_data_01_15/4.json": 1.1026443412653935, "./data/networks_and_trajectories_binary_data_01_20/3.json": 1.1733580815879685, "./data/networks_and_trajectories_binary_data_01_20/1.json": 1.185806553130824, "./data/networks_and_trajectories_binary_data_01_20/8.json": 1.2890097315601237, "./data/networks_and_trajectories_binary_data_01_20/6.json": 1.1526545746363712, "./data/networks_and_trajectories_binary_data_01_20/2.json": 1.2258772229298882, "./data/networks_and_trajectories_binary_data_01_20/10.json": 1.3671693374655218, "./data/networks_and_trajectories_binary_data_01_20/7.json": 1.1294759818220985, "./data/networks_and_trajectories_binary_data_01_20/5.json": 1.090069956328707, "./data/networks_and_trajectories_binary_data_01_20/9.json": 1.1367923581888315, "./data/networks_and_trajectories_binary_data_01_20/4.json": 1.1173828954314424, "./data/networks_and_trajectories_binary_data_02_3/3.json": 1.4120347281033347, "./data/networks_and_trajectories_binary_data_02_3/1.json": 1.1407954273522969, "./data/networks_and_trajectories_binary_data_02_3/8.json": 1.0937510068122736, "./data/networks_and_trajectories_binary_data_02_3/6.json": 1.5371679863949685, "./data/networks_and_trajectories_binary_data_02_3/2.json": 0.8307332366594073, "./data/networks_and_trajectories_binary_data_02_3/10.json": 0.9789564807085767, "./data/networks_and_trajectories_binary_data_02_3/7.json": 1.2277164892913477, "./data/networks_and_trajectories_binary_data_02_3/5.json": 1.228817909636245, "./data/networks_and_trajectories_binary_data_02_3/9.json": 1.095332638998432, "./data/networks_and_trajectories_binary_data_02_3/4.json": 1.3379773992000306, "./data/networks_and_trajectories_binary_data_02_4/3.json": 1.1269551569232512, "./data/networks_and_trajectories_binary_data_02_4/1.json": 1.6615796387617778, "./data/networks_and_trajectories_binary_data_02_4/8.json": 0.8939329597087665, "./data/networks_and_trajectories_binary_data_02_4/6.json": 1.089055637536148, "./data/networks_and_trajectories_binary_data_02_4/2.json": 1.5423926888326245, "./data/networks_and_trajectories_binary_data_02_4/10.json": 1.134609220531746, "./data/networks_and_trajectories_binary_data_02_4/7.json": 1.1815938498535603, "./data/networks_and_trajectories_binary_data_02_4/5.json": 1.4445690280807133, "./data/networks_and_trajectories_binary_data_02_4/9.json": 1.169905642762875, "./data/networks_and_trajectories_binary_data_02_4/4.json": 1.110968841342031, "./data/networks_and_trajectories_binary_data_02_5/3.json": 1.1294820637387168, "./data/networks_and_trajectories_binary_data_02_5/1.json": 0.9922022143216769, "./data/networks_and_trajectories_binary_data_02_5/8.json": 1.5006515150629405, "./data/networks_and_trajectories_binary_data_02_5/6.json": 1.9605754189233944, "./data/networks_and_trajectories_binary_data_02_5/2.json": 1.3430143165910136, "./data/networks_and_trajectories_binary_data_02_5/10.json": 1.1773067373468653, "./data/networks_and_trajectories_binary_data_02_5/7.json": 0.9593734532477395, "./data/networks_and_trajectories_binary_data_02_5/5.json": 1.6971053952653654, "./data/networks_and_trajectories_binary_data_02_5/9.json": 1.4754098196300216,