{"./data/networks_and_trajectories_binary_data_01_3/3.json": 1.2325612871165765, "./data/networks_and_trajectories_binary_data_01_3/1.json": 1.5571855211128494, "./data/networks_and_trajectories_binary_data_01_3/8.json": 1.2854412728497722, "./data/networks_and_trajectories_binary_data_01_3/6.json": 1.379521769093687, "./data/networks_and_trajectories_binary_data_01_3/2.json": 1.332921537203284, "./data/networks_and_trajectories_binary_data_01_3/10.json": 1.200586353134131, "./data/networks_and_trajectories_binary_data_01_3/7.json": 1.0110241189773035, "./data/networks_and_trajectories_binary_data_01_3/5.json": 1.2636817470814425, "./data/networks_and_trajectories_binary_data_01_3/9.json": 1.59985553244393, "./data/networks_and_trajectories_binary_data_01_3/4.json": 1.2641796791271829, "./data/networks_and_trajectories_binary_data_01_4/3.json": 1.0551596111304833, "./data/networks_and_trajectories_binary_data_01_4/1.json": 1.2065692750780341, "./data/networks_and_trajectories_binary_data_01_4/8.json": 1.1570094066589633, "./data/networks_and_trajectories_binary_data_01_4/6.json": 1.3671715722374107, "./data/networks_and_trajectories_binary_data_01_4/2.json": 1.0373808858046543, "./data/networks_and_trajectories_binary_data_01_4/10.json": 1.0689808595045407, "./data/networks_and_trajectories_binary_data_01_4/7.json": 1.0720469757987336, "./data/networks_and_trajectories_binary_data_01_4/5.json": 1.2689164397036699, "./data/networks_and_trajectories_binary_data_01_4/9.json": 0.9966348465624729, "./data/networks_and_trajectories_binary_data_01_4/4.json": 1.3399680604448125, "./data/networks_and_trajectories_binary_data_01_5/3.json": 1.557196816546386, "./data/networks_and_trajectories_binary_data_01_5/1.json": 1.1781011675517243, "./data/networks_and_trajectories_binary_data_01_5/8.json": 1.3493028726828054, "./data/networks_and_trajectories_binary_data_01_5/6.json": 1.1742677935180508, "./data/networks_and_trajectories_binary_data_01_5/2.json": 1.1269335729342165, "./data/networks_and_trajectories_binary_data_01_5/10.json": 1.2566329819269872, "./data/networks_and_trajectories_binary_data_01_5/7.json": 1.1649303838333276, "./data/networks_and_trajectories_binary_data_01_5/5.json": 1.1827723437381494, "./data/networks_and_trajectories_binary_data_01_5/9.json": 1.173304038890789, "./data/networks_and_trajectories_binary_data_01_5/4.json": 1.000631835792206, "./data/networks_and_trajectories_binary_data_01_6/3.json": 1.4294402496665868, "./data/networks_and_trajectories_binary_data_01_6/1.json": 1.4354015183188584, "./data/networks_and_trajectories_binary_data_01_6/8.json": 1.3121298319841932, "./data/networks_and_trajectories_binary_data_01_6/6.json": 1.1650193812860592, "./data/networks_and_trajectories_binary_data_01_6/2.json": 1.0536692247586876, "./data/networks_and_trajectories_binary_data_01_6/10.json": 1.5590998820532542, "./data/networks_and_trajectories_binary_data_01_6/7.json": 1.5099457175127844, "./data/networks_and_trajectories_binary_data_01_6/5.json": 1.3072945767009172, "./data/networks_and_trajectories_binary_data_01_6/9.json": 1.0971198230920398, "./data/networks_and_trajectories_binary_data_01_6/4.json": 1.3707785864408812, "./data/networks_and_trajectories_binary_data_01_10/3.json": 1.5101029641948815, "./data/networks_and_trajectories_binary_data_01_10/1.json": 1.2480404614414975, "./data/networks_and_trajectories_binary_data_01_10/8.json": 1.2457050011971695, "./data/networks_and_trajectories_binary_data_01_10/6.json": 1.0998474401776182, "./data/networks_and_trajectories_binary_data_01_10/2.json": 1.1677175224907697, "./data/networks_and_trajectories_binary_data_01_10/10.json": 1.2122757865339975, "./data/networks_and_trajectories_binary_data_01_10/7.json": 1.275269732675221, "./data/networks_and_trajectories_binary_data_01_10/5.json": 1.1697472725198135, "./data/networks_and_trajectories_binary_data_01_10/9.json": 1.164006602739428, "./data/networks_and_trajectories_binary_data_01_10/4.json": 1.2263898283107557, "./data/networks_and_trajectories_binary_data_01_15/3.json": 1.3510391677366151, "./data/networks_and_trajectories_binary_data_01_15/1.json": 1.3004517545875156, "./data/networks_and_trajectories_binary_data_01_15/8.json": 1.397820672112743, "./data/networks_and_trajectories_binary_data_01_15/6.json": 1.3230303399247554, "./data/networks_and_trajectories_binary_data_01_15/2.json": 1.8271699880960228, "./data/networks_and_trajectories_binary_data_01_15/10.json": 1.2288938440075408, "./data/networks_and_trajectories_binary_data_01_15/7.json": 1.428964422038211, "./data/networks_and_trajectories_binary_data_01_15/5.json": 1.2143137294291482, "./data/networks_and_trajectories_binary_data_01_15/9.json": 1.3014530981481343, "./data/networks_and_trajectories_binary_data_01_15/4.json": 1.3297706777594638, "./data/networks_and_trajectories_binary_data_01_20/3.json": 1.4346701840782463, "./data/networks_and_trajectories_binary_data_01_20/1.json": 1.4453279426361603, "./data/networks_and_trajectories_binary_data_01_20/8.json": 1.5648048062465678, "./data/networks_and_trajectories_binary_data_01_20/6.json": 1.3846079205508508, "./data/networks_and_trajectories_binary_data_01_20/2.json": 1.5303150867984583, "./data/networks_and_trajectories_binary_data_01_20/10.json": 1.6796329082729629, "./data/networks_and_trajectories_binary_data_01_20/7.json": 1.3808674959083351, "./data/networks_and_trajectories_binary_data_01_20/5.json": 1.3677651572121843, "./data/networks_and_trajectories_binary_data_01_20/9.json": 1.3105342127284318, "./data/networks_and_trajectories_binary_data_01_20/4.json": 1.3378111060549838}