{"./data/networks_and_trajectories_binary_data_02_3/3.json": 2.4486508097550974, "./data/networks_and_trajectories_binary_data_02_3/1.json": 1.4009898891989738, "./data/networks_and_trajectories_binary_data_02_3/8.json": 1.302741630816078, "./data/networks_and_trajectories_binary_data_02_3/6.json": 2.4301996574142963, "./data/networks_and_trajectories_binary_data_02_3/2.json": 1.2516437753384566, "./data/networks_and_trajectories_binary_data_02_3/10.json": 0.9714175929714276, "./data/networks_and_trajectories_binary_data_02_3/7.json": 1.6718364481841872, "./data/networks_and_trajectories_binary_data_02_3/5.json": 1.43721159663081, "./data/networks_and_trajectories_binary_data_02_3/9.json": 1.509379712914304, "./data/networks_and_trajectories_binary_data_02_3/4.json": 2.060016583244008, "./data/networks_and_trajectories_binary_data_02_4/3.json": 1.1905809391894921, "./data/networks_and_trajectories_binary_data_02_4/1.json": 2.1132293071508563, "./data/networks_and_trajectories_binary_data_02_4/8.json": 0.9955899187188251, "./data/networks_and_trajectories_binary_data_02_4/6.json": 1.1175293296241795, "./data/networks_and_trajectories_binary_data_02_4/2.json": 1.8397248919462792, "./data/networks_and_trajectories_binary_data_02_4/10.json": 1.6232948953368098, "./data/networks_and_trajectories_binary_data_02_4/7.json": 1.8406533642117455, "./data/networks_and_trajectories_binary_data_02_4/5.json": 1.7493484825522445, "./data/networks_and_trajectories_binary_data_02_4/9.json": 1.4309808727799824, "./data/networks_and_trajectories_binary_data_02_4/4.json": 1.1803468444849874, "./data/networks_and_trajectories_binary_data_02_5/3.json": 1.3587396639229545, "./data/networks_and_trajectories_binary_data_02_5/1.json": 1.0539019517277723, "./data/networks_and_trajectories_binary_data_02_5/8.json": 2.5327401464160983, "./data/networks_and_trajectories_binary_data_02_5/6.json": 2.4328588291571367, "./data/networks_and_trajectories_binary_data_02_5/2.json": 1.4998022181372523, "./data/networks_and_trajectories_binary_data_02_5/10.json": 1.5390560647041314, "./data/networks_and_trajectories_binary_data_02_5/7.json": 1.2955746780165607, "./data/networks_and_trajectories_binary_data_02_5/5.json": 1.921591400568567, "./data/networks_and_trajectories_binary_data_02_5/9.json": 1.9308776662268547, "./data/networks_and_trajectories_binary_data_02_5/4.json": 1.729916635536007, "./data/networks_and_trajectories_binary_data_02_6/3.json": 1.5709979635083031, "./data/networks_and_trajectories_binary_data_02_6/1.json": 1.6739666712249408, "./data/networks_and_trajectories_binary_data_02_6/8.json": 1.302779474146164, "./data/networks_and_trajectories_binary_data_02_6/6.json": 1.3008359995292667, "./data/networks_and_trajectories_binary_data_02_6/2.json": 1.4323253636192597, "./data/networks_and_trajectories_binary_data_02_6/10.json": 1.227028687389129, "./data/networks_and_trajectories_binary_data_02_6/7.json": 1.6291264075274021, "./data/networks_and_trajectories_binary_data_02_6/5.json": 2.551282320881341, "./data/networks_and_trajectories_binary_data_02_6/9.json": 1.6060611318545268, "./data/networks_and_trajectories_binary_data_02_6/4.json": 1.8299648194817004, "./data/networks_and_trajectories_binary_data_02_10/3.json": 2.0944502451171814, "./data/networks_and_trajectories_binary_data_02_10/1.json": 2.400287976954403, "./data/networks_and_trajectories_binary_data_02_10/8.json": 1.8878477746373057, "./data/networks_and_trajectories_binary_data_02_10/6.json": 1.6400388758935383, "./data/networks_and_trajectories_binary_data_02_10/2.json": 1.6928914723861779, "./data/networks_and_trajectories_binary_data_02_10/10.json": 2.2860775929160084, "./data/networks_and_trajectories_binary_data_02_10/7.json": 2.1166411012803694, "./data/networks_and_trajectories_binary_data_02_10/5.json": 1.7316006405881748, "./data/networks_and_trajectories_binary_data_02_10/9.json": 1.452739388373785, "./data/networks_and_trajectories_binary_data_02_10/4.json": 1.8146750940905738, "./data/networks_and_trajectories_binary_data_02_15/3.json": 2.2267805929153304, "./data/networks_and_trajectories_binary_data_02_15/1.json": 2.099548955513536, "./data/networks_and_trajectories_binary_data_02_15/8.json": 2.2467719388333998, "./data/networks_and_trajectories_binary_data_02_15/6.json": 1.6626994359483125, "./data/networks_and_trajectories_binary_data_02_15/2.json": 1.969285981220024, "./data/networks_and_trajectories_binary_data_02_15/10.json": 1.6030546699409547, "./data/networks_and_trajectories_binary_data_02_15/7.json": 2.092528712903585, "./data/networks_and_trajectories_binary_data_02_15/5.json": 2.126614449954697, "./data/networks_and_trajectories_binary_data_02_15/9.json": 2.3732396885278604, "./data/networks_and_trajectories_binary_data_02_15/4.json": 2.0815678344578568, "./data/networks_and_trajectories_binary_data_02_20/3.json": 2.2381042039667634, "./data/networks_and_trajectories_binary_data_02_20/1.json": 2.4381758471302435, "./data/networks_and_trajectories_binary_data_02_20/8.json": 2.2894742183698633, "./data/networks_and_trajectories_binary_data_02_20/6.json": 2.2708001205687665, "./data/networks_and_trajectories_binary_data_02_20/2.json": 2.661564449475069, "./data/networks_and_trajectories_binary_data_02_20/10.json": 2.1092546236658345, "./data/networks_and_trajectories_binary_data_02_20/7.json": 2.261322212369714, "./data/networks_and_trajectories_binary_data_02_20/5.json": 2.175754867996363, "./data/networks_and_trajectories_binary_data_02_20/9.json": 2.114316067197395, "./data/networks_and_trajectories_binary_data_02_20/4.json": 1.873562082499369}