{"./data/networks_and_trajectories_binary_data_02_3/3.json": 1.642650248115675, "./data/networks_and_trajectories_binary_data_02_3/1.json": 1.0911784570162373, "./data/networks_and_trajectories_binary_data_02_3/8.json": 1.2813210475853902, "./data/networks_and_trajectories_binary_data_02_3/6.json": 1.7555342144352883, "./data/networks_and_trajectories_binary_data_02_3/2.json": 1.2418602766997762, "./data/networks_and_trajectories_binary_data_02_3/10.json": 1.0272887734533194, "./data/networks_and_trajectories_binary_data_02_3/7.json": 1.157439452341899, "./data/networks_and_trajectories_binary_data_02_3/5.json": 1.2327856736575533, "./data/networks_and_trajectories_binary_data_02_3/9.json": 1.2822059917930684, "./data/networks_and_trajectories_binary_data_02_3/4.json": 1.4469240174657256, "./data/networks_and_trajectories_binary_data_02_4/3.json": 1.1843599499410378, "./data/networks_and_trajectories_binary_data_02_4/1.json": 2.0552908250662325, "./data/networks_and_trajectories_binary_data_02_4/8.json": 0.9900654279484574, "./data/networks_and_trajectories_binary_data_02_4/6.json": 1.2769965349728503, "./data/networks_and_trajectories_binary_data_02_4/2.json": 1.5161844307197603, "./data/networks_and_trajectories_binary_data_02_4/10.json": 1.0636912843663493, "./data/networks_and_trajectories_binary_data_02_4/7.json": 1.3055028274307376, "./data/networks_and_trajectories_binary_data_02_4/5.json": 1.6915085466787898, "./data/networks_and_trajectories_binary_data_02_4/9.json": 1.5693420170437253, "./data/networks_and_trajectories_binary_data_02_4/4.json": 1.3184392235713345, "./data/networks_and_trajectories_binary_data_02_5/3.json": 1.1911524905155118, "./data/networks_and_trajectories_binary_data_02_5/1.json": 1.242372806243029, "./data/networks_and_trajectories_binary_data_02_5/8.json": 1.4623363951150166, "./data/networks_and_trajectories_binary_data_02_5/6.json": 2.2605117580169485, "./data/networks_and_trajectories_binary_data_02_5/2.json": 1.362136144210279, "./data/networks_and_trajectories_binary_data_02_5/10.json": 1.3160585987736013, "./data/networks_and_trajectories_binary_data_02_5/7.json": 1.0972982177226451, "./data/networks_and_trajectories_binary_data_02_5/5.json": 1.8723157145098783, "./data/networks_and_trajectories_binary_data_02_5/9.json": 1.590140802124095, "./data/networks_and_trajectories_binary_data_02_5/4.json": 1.3819591875899973, "./data/networks_and_trajectories_binary_data_02_6/3.json": 1.3403803016925833, "./data/networks_and_trajectories_binary_data_02_6/1.json": 1.57035356384483, "./data/networks_and_trajectories_binary_data_02_6/8.json": 1.3994231920670694, "./data/networks_and_trajectories_binary_data_02_6/6.json": 1.3109571720542692, "./data/networks_and_trajectories_binary_data_02_6/2.json": 1.2593748047947406, "./data/networks_and_trajectories_binary_data_02_6/10.json": 1.1967034346445584, "./data/networks_and_trajectories_binary_data_02_6/7.json": 1.6688142338000347, "./data/networks_and_trajectories_binary_data_02_6/5.json": 2.3482220753676732, "./data/networks_and_trajectories_binary_data_02_6/9.json": 1.4519547631167167, "./data/networks_and_trajectories_binary_data_02_6/4.json": 1.6798599758288877, "./data/networks_and_trajectories_binary_data_02_10/3.json": 2.0653481539528618, "./data/networks_and_trajectories_binary_data_02_10/1.json": 2.106327119938484, "./data/networks_and_trajectories_binary_data_02_10/8.json": 1.7429945506948457, "./data/networks_and_trajectories_binary_data_02_10/6.json": 1.522591633036661, "./data/networks_and_trajectories_binary_data_02_10/2.json": 1.2494115708256868, "./data/networks_and_trajectories_binary_data_02_10/10.json": 2.2498679174092215, "./data/networks_and_trajectories_binary_data_02_10/7.json": 1.648747612526513, "./data/networks_and_trajectories_binary_data_02_10/5.json": 1.7231735176511724, "./data/networks_and_trajectories_binary_data_02_10/9.json": 1.3367696393991702, "./data/networks_and_trajectories_binary_data_02_10/4.json": 1.7606848904952277, "./data/networks_and_trajectories_binary_data_02_15/3.json": 1.934257527523177, "./data/networks_and_trajectories_binary_data_02_15/1.json": 1.9820866657930185, "./data/networks_and_trajectories_binary_data_02_15/8.json": 2.243757042709671, "./data/networks_and_trajectories_binary_data_02_15/6.json": 1.5469136403161017, "./data/networks_and_trajectories_binary_data_02_15/2.json": 1.6460657836906856, "./data/networks_and_trajectories_binary_data_02_15/10.json": 1.5714829062481306, "./data/networks_and_trajectories_binary_data_02_15/7.json": 1.9775732039138052, "./data/networks_and_trajectories_binary_data_02_15/5.json": 1.891592092307779, "./data/networks_and_trajectories_binary_data_02_15/9.json": 1.8803597209438918, "./data/networks_and_trajectories_binary_data_02_15/4.json": 2.051895944615777, "./data/networks_and_trajectories_binary_data_02_20/3.json": 2.116878814260403, "./data/networks_and_trajectories_binary_data_02_20/1.json": 2.343063994219523, "./data/networks_and_trajectories_binary_data_02_20/8.json": 2.211384906213526, "./data/networks_and_trajectories_binary_data_02_20/6.json": 2.1899706553409493, "./data/networks_and_trajectories_binary_data_02_20/2.json": 2.422817700206417, "./data/networks_and_trajectories_binary_data_02_20/10.json": 2.0604789235494843, "./data/networks_and_trajectories_binary_data_02_20/7.json": 2.1026003068025103, "./data/networks_and_trajectories_binary_data_02_20/5.json": 1.9654641414807017, "./data/networks_and_trajectories_binary_data_02_20/9.json": 1.9128141862266383, "./data/networks_and_trajectories_binary_data_02_20/4.json": 1.6174248430023632, "./data/networks_and_trajectories_binary_data_3/3.json": 1.0473728500857196, "./data/networks_and_trajectories_binary_data_3/1.json": 1.5209745032955433, "./data/networks_and_trajectories_binary_data_3/8.json": 1.413411456468842, "./data/networks_and_trajectories_binary_data_3/6.json": 1.5648954557692096, "./data/networks_and_trajectories_binary_data_3/2.json": 2.2411284966253504, "./data/networks_and_trajectories_binary_data_3/10.json": 1.892914036143856, "./data/networks_and_trajectories_binary_data_3/7.json": 2.579893419853097, "./data/networks_and_trajectories_binary_data_3/5.json": 1.722102434399933, "./data/networks_and_trajectories_binary_data_3/9.json": 1.0699879533000183, "./data/networks_and_trajectories_binary_data_3/4.json": 1.0804650809426033, "./data/networks_and_trajectories_binary_data_4/3.json": 1.7320193050235893, "./data/networks_and_trajectories_binary_data_4/1.json": 1.2583847667833776, "./data/networks_and_trajectories_binary_data_4/8.json": 1.6952737390013028, "./data/networks_and_trajectories_binary_data_4/6.json": 1.1657488268840641, "./data/networks_and_trajectories_binary_data_4/2.json": 1.6306382605711096, "./data/networks_and_trajectories_binary_data_4/10.json": 3.0721254808523235, "./data/networks_and_trajectories_binary_data_4/7.json": 1.512307842469859, "./data/networks_and_trajectories_binary_data_4/5.json": 1.2794839602975014, "./data/networks_and_trajectories_binary_data_4/9.json": 1.8952501307068892, "./data/networks_and_trajectories_binary_data_4/4.json": 2.045035948959853, "./data/networks_and_trajectories_binary_data_5/3.json": 1.5261018790542606, "./data/networks_and_trajectories_binary_data_5/1.json": 1.772757662608834, "./data/networks_and_trajectories_binary_data_5/8.json": 1.455271078424874, "./data/networks_and_trajectories_binary_data_5/6.json": 1.7911840978906877, "./data/networks_and_trajectories_binary_data_5/2.json": 1.2551281519031523, "./data/networks_and_trajectories_binary_data_5/10.json": 1.7116516674071913, "./data/networks_and_trajectories_binary_data_5/7.json": 1.8485651114253283, "./data/networks_and_trajectories_binary_data_5/5.json": 2.254134759262616, "./data/networks_and_trajectories_binary_data_5/9.json": 1.7670824699277705, "./data/networks_and_trajectories_binary_data_5/4.json": 1.2674785099925665, "./data/networks_and_trajectories_binary_data_6/3.json": 1.786968746298816,